Country,Ladder,Log_GDP,Soc_Support,Health_Expect,Freedom,Generosity,Conf_Gov,Pos_Affect,Neg_Affect,Corrupt,sdLadder,cvLadder,Gini_Household,Int_Score
Afghanistan,4.2201685905,7.4972877502,0.5590717793,49.8712654114,0.5225661993,0.0573931523,0.3249895573,0.5649526715,0.3483322859,0.793245554,1.7962194681,0.4256274104,0.509206295013428,1.7120361328125
Albania,4.511100769,9.2822999954,0.6384114623,68.6983795166,0.7298189402,-0.017927289,0.4009098113,0.6752437353,0.321705997,0.9010707736,2.6466681957,0.5867012143,0.4165403545,3.82881204287211
Algeria,5.3881707191,9.5491380692,0.748149693,64.8299484253,0.713054358959198,-0.03440698236227,0.406998393462917,0.6688381433,0.3713720143,0.769240498542785,2.1094720364,0.3915005922,0.6110133529,4.40073470274607
Angola,3.7948379517,8.8473539352,0.7546154857,45.0929946899,0.3745415509,-0.1644954979,0.572345674,0.578517139,0.3678641319,0.8340756297,2.1967113018,0.5788682699,0.4406985939,1.37590646743774
Argentina,6.4272212982,10.1466522216797,0.8828191161,67.4439926147,0.8477022052,-0.034153282642365,0.4195618331,0.8419067264,0.3116464615,0.8509244919,2.1271085739,0.3309530616,0.3320708275,7.34420855840047
Armenia,4.3254718781,8.9895687103,0.7092183232,65.4094696045,0.610986948,-0.1558144242,0.1847130358,0.5936002731,0.4372278154,0.921421051,2.1263642311,0.4915912747,0.3815636337,3.24518322944641
Australia,7.2500801086,10.6962814331,0.9423342347,72.5216293335,0.9223157167,0.2230863124,0.4527317584,0.7908682823,0.2360857874,0.3985451162,1.6988278627,0.2343184948,0.5209141374,8.27216982841492
Austria,7.0480718613,10.6945953369,0.9263185859,71.645652771,0.8885139823,0.0715372786,0.4326382279,0.7559025884,0.1974238455,0.5236409903,1.7044001818,0.2418250293,0.2922942936,8.3354119459788
Azerbaijan,5.3038949966,9.6911973953,0.7772710323,62.0449256897,0.7125731707,-0.2282276005,0.7340521216,0.5975934863,0.1911171973,0.6067708135,1.613181591,0.3041503727,0.2887160182,5.25968012710412
Bahrain,6.1696734428,10.706776619,0.8627001047,65.9639205933,0.8886910677,0.021681122481823,0.385509595452748,0.7871872187,0.2834663391,0.606266260147095,2.2592256069,0.3661823571,0.4824555218,6.76660180091858
Bangladesh,4.5561408997,8.100569725,0.6491169333,62.0461883545,0.8747004867,-0.0798178464,0.8454290628,0.5599390864,0.2350224555,0.6878536344,1.9825828075,0.4351451993,0.4401774406,3.76299897829692
Belarus,5.1778993607,9.6846981049,0.9265511036,65.7647705078,0.6582288146,-0.1330183297,0.4526690245,0.5538702011,0.1821061224,0.6640551686,1.7776311636,0.3433112502,0.3164312541,5.39719484746456
Belgium,6.9489364624,10.6321783066,0.9289640784,71.5216751099,0.8657590151,-0.0642542318,0.4191775024,0.7645900846,0.2596533895,0.4966591001,1.4970237017,0.2154320627,0.3486298025,8.02403608957927
Belize,5.9556465149,8.9926204681,0.756932497,58.8650474548,0.8735690713,0.0042675301,0.3842671812,0.7549773455,0.2816044092,0.7821053863,2.4552567005,0.4122569561,0.4460259974,5.35074904561043
Benin,4.0073575974,7.6215233803,0.4928158522,50.7692451477,0.7797952294,-0.0385210477,0.6374453902,0.6082369685,0.4557676017,0.837715745,2.1917541027,0.5469325185,0.464345634,1.4507257938385
Bhutan,5.0821285248,8.9360837936,0.8475744128,60.5960884094,0.8301015496,0.2880955935,0.946393013,0.8096414804,0.3115893006,0.6339557767,1.4748468399,0.2902025878,0.4225142896,5.18132386108239
Bolivia,5.7697234154,8.7970914841,0.7959587574,60.0456199646,0.8817487359,-0.0398950763,0.4017422795,0.7830088735,0.3764122427,0.8525929451,2.0505731106,0.3554023206,0.4309495687,5.21963015198708
Bosnia and Herzegovina,5.1808652878,9.2401819229,0.8077051044,67.7755813599,0.6334537268,0.1407282948,0.2121884972,0.6407643557,0.3040802777,0.9573119879,2.2160487175,0.4277371764,0.3987433314,4.61801121632258
Botswana,3.4989366531,9.624712944,0.7683027983,55.1936225891,0.8516948819,-0.2584221363,0.8031308055,0.6856667399,0.2518365979,0.7291718125,2.6857914925,0.7676022053,0.6584202647,3.19157799084981
Brazil,6.3748173714,9.525510788,0.9124551415,64.8309249878,0.8065715432,-0.1103235856,0.2641402483,0.7631124258,0.3020838201,0.7810927629,2.5180392265,0.394997865,0.4503168464,6.22387329737345
Bulgaria,4.8375606537,9.7663669586,0.9260360599,68.2297286987,0.7002655268,-0.1741926819,0.2212417722,0.6218551397,0.1716998518,0.9359881878,1.9175925255,0.3963965774,0.3533913791,6.03250761826833
Burkina Faso,4.205634594,7.3761167526,0.7644011378,51.1070022583,0.6446815133,0.0169653073,0.663711369,0.6160668731,0.3373001814,0.7205424309,1.9667134285,0.4676377475,0.5591579676,2.05385069052378
Burundi,2.9045350552,6.5991692543,0.5646781325,48.5931625366,0.4313849807,-0.0379922949,0.523312769285383,0.6556637287,0.2510946393,0.8076188564,2.2163455486,0.7630637884,0.7096520066,0.982623895009358
Cambodia,4.4612593651,8.1466779709,0.745901227,58.5369377136,0.9578214884,0.0778732151,0.469403701860967,0.8385519981,0.3982003033,0.8404168487,2.5605764389,0.5739582181,0.5486490726,3.93420189619064
Cameroon,4.8162322044,8.0200157166,0.6592997909,48.3382797241,0.7125070095,0.0041618114,0.6212210655,0.6615234613,0.3670933843,0.8794505596,2.3632509708,0.4906845987,0.5591928363,2.23173936208089
Canada,7.2448458672,10.6745128632,0.9243925214,72.2983016968,0.9124239087,0.196096614,0.6181952953,0.8245863914,0.2374228686,0.3850904405,1.7764630318,0.2452037036,0.6064463258,8.19759090741476
Central African Republic,2.6930611134,7.14500713348389,0.29018417,44.0232200623,0.6240565181,-0.032864663749933,0.7487545609,0.5786538124,0.4942680597,0.8590730429,2.250887394,0.8358100057,0.6605342031,0.327802896499634
Chad,4.0293502808,7.5842480659,0.6162048578,45.1081428528,0.5252221227,0.041371502,0.5130217671,0.5824582577,0.4675667584,0.8197888732,2.4355328083,0.6044480205,0.5033317804,1.1111040910085
Chile,6.579056263,10.0100355148,0.841388166,71.8311386108,0.6522897482,0.0897446275,0.2035388649,0.8692288995,0.2830421031,0.8581249714,1.9862554073,0.3019058108,0.4801385701,6.90706670284271
China,5.3249559402,9.5610122681,0.7417030334,69.0667037964,0.75885546207428,-0.2452198118,0.40971736608936,0.8261443973,0.1456251591,0.770041048526764,1.9963380098,0.3749022484,0.5386265516,6.72903021176656
Colombia,6.2337150574,9.4862308502,0.8819003701,64.0060577393,0.8349661231,-0.1077970564,0.2612511814,0.7935314775,0.2942227721,0.8975538611,2.5687234402,0.4120694399,0.5586574078,6.19335552056631
Comoros,3.955640316,7.2113800049,0.7192178965,53.4983520508,0.5340409279,-0.0623590127,0.4648626447,0.6122413278,0.2118438184,0.6510092616,1.3854498863,0.3502466679,0.4288643897,2.82511095205943
Congo (Brazzaville),4.1194934845,8.7111301422,0.6154490113,53.8988647461,0.7859065533,-0.1168274358,0.4830752611,0.6103049517,0.3036667109,0.7903857231,2.6786000729,0.6502255797,0.484639436,2.60682960351308
Congo (Kinshasa),4.521935463,6.6329293251,0.8641545177,50.2900810242,0.6373667121,0.0062383385,0.2818249464,0.6462695003,0.2224114835,0.8749996424,1.6297284365,0.3604050577,0.4645963609,3.3340506752332
Costa Rica,7.135617733,9.6092004776,0.9007012844,69.6617736816,0.872971952,-0.0310223047,0.2790275812,0.8735843897,0.2814222872,0.7805620432,2.1436471939,0.3004150689,0.5031618476,7.63838171958923
Croatia,5.2054381371,9.9247589111,0.7683634162,67.5917434692,0.6935230494,-0.1003160849,0.3648684025,0.6088861823,0.2940193415,0.8485455513,1.7850501537,0.3429202437,0.3216996491,5.13945490121841
Cuba,5.4178686142,9.6764249802,0.9695951343,66.3265686035,0.3035404086,0.145238921046257,0.5131755471,0.6467117667,0.2766015232,0.56760048866272,2.1301300526,0.3931675255,0.527087509632111,3.50441157817841
Cyprus,5.7946186066,10.3231220245,0.7864384651,72.6419372559,0.7562209964,-0.0367343202,0.3339095116,0.742049396,0.3363446891,0.897639513,2.4205508232,0.4177239239,0.3981894851,5.90799788633982
Czech Republic,6.7356271744,10.3233633041,0.9305928946,69.4207305908,0.8503282666,-0.2031100839,0.4151207209,0.7557019591,0.2010416389,0.9004307389,1.6821707487,0.2497422546,0.2905338705,7.95271853605906
Denmark,7.55778265,10.6831016541,0.9544515014,70.9155502319,0.9482305646,0.1313268691,0.4676606953,0.8361157179,0.2075834274,0.2098933756,1.6114698648,0.2132199258,0.50498873,8.64583174387614
Djibouti,4.3691935539,7.9312744141,0.6329732537,51.8726081848,0.7464394569,-0.0632062629,0.6784912348,0.5793028474,0.1805926263,0.5189301372,2.3783500195,0.5443453193,0.488828539848328,2.79336849848429
Dominican Republic,5.2386984825,9.5387210846,0.8947534561,63.3088035583,0.8727124333,-0.0831515938,0.5494248271,0.7599455714,0.2780951262,0.7371829748,3.1120915413,0.594058156,0.4840801358,5.23631180326144
Ecuador,6.1154375076,9.2230091095,0.8423520923,67.1619873047,0.8463363051,-0.0174206402,0.4744277894,0.8463540077,0.365246594,0.7740841508,2.4262428284,0.396740675,0.3875209093,5.9214061498642
Egypt,4.5567407608,9.2464361191,0.8092185855,61.4412307739,0.6558452249,-0.1503017992,0.6191309094,0.6113696694,0.3704982102,0.8175274134,2.0551702976,0.4510176182,0.3625634611,3.47719550132751
El Salvador,6.1398248672,9.0175333023,0.7936599851,64.1089630127,0.7998470068,-0.1944306493,0.2517047822,0.7612556815,0.3457364738,0.7973120213,2.5981259346,0.4231596291,0.4577645659,5.3629111746947
Estonia,5.6496753693,10.2202482224,0.9377151132,67.3777618408,0.8427706957,-0.1568589956,0.3398343027,0.7262548804,0.1768692583,0.6390852928,1.7530863285,0.3102985919,0.3435967863,7.35072354475657
Ethiopia,4.2978487015,7.3778038025,0.7187187076,56.0490226746,0.7443076968,0.0522867255,0.7489455938,0.727070868,0.2539405227,0.7028808594,1.8089821339,0.4209040999,0.5209882259,3.42613269885381
Finland,7.6598434448,10.5687627792,0.9539404511,71.3826904297,0.9483721852,-0.035874676,0.4857272506,0.7973250747,0.1819984466,0.2496595681,1.4790186882,0.1930873245,0.3948212266,8.79624287287394
France,6.4752087593,10.5362472534,0.8849229217,72.5975036621,0.7867804766,-0.1013936847,0.2839781642,0.7726613283,0.2700362504,0.6226970553,1.8015296459,0.2782195508,0.3409851491,7.47984449068705
Gabon,4.8317642212,9.8602571487,0.7800489664,56.1111450195,0.6989423633,-0.235984087,0.3780697584,0.6401165724,0.4324046671,0.8165635467,2.2144637108,0.4583137035,0.5572369099,3.44388494888941
Georgia,4.4483861923,9.159031868,0.5334122777,65.8591384888,0.6064683795,-0.2381009161,0.3445411325,0.5638960004,0.223224476,0.5609240532,1.9602085352,0.4406560957,0.4409916997,3.68184347947439
Germany,6.8737630844,10.7041683197,0.906029284,70.8631744385,0.8705150485,0.1369479746,0.5526135564,0.7377459407,0.1872549355,0.4459221363,1.775906086,0.2583600879,0.3545125127,7.94856290022532
Ghana,4.5144114494,8.3109083176,0.647303164,53.6958198547,0.7511683702,0.0952652246,0.5166046023,0.6682639122,0.3049097061,0.8939552307,2.7370426655,0.6062900424,0.5434268117,2.65898744265238
Greece,5.3026194572,10.1151227951,0.8026058674,71.2501373291,0.4816168547,-0.2677674592,0.132486552,0.7005043626,0.336207509,0.898470819,2.3172979355,0.4370100498,0.3178486228,4.87841969976823
Guatemala,6.3589162827,8.9039382935,0.8112354875,62.1674537659,0.8626757264,0.009946201,0.4689621925,0.8461225033,0.3213571906,0.8120300174,2.6994218826,0.4245097339,0.48915869,5.68356196085612
Guinea,3.6028547287,7.0471482277,0.6754470468,50.4930992126,0.7256851792,-0.0040524337,0.4656958282,0.6869846582,0.374393791,0.8027811646,2.1184866428,0.5880022645,0.5201851726,2.07845131556193
Guyana,5.9928264618,8.5779972076,0.8487651944,57.4267730713,0.6940056682,0.1170622259,0.4647120535,0.7675405741,0.2964197695,0.8355690837,1.8410713673,0.3072125316,0.552103161811829,5.04769557155669
Haiti,3.3523001671,7.4098587036,0.5837424397,53.2077598572,0.3035404086,0.2976093888,0.1460646242,0.5527740717,0.3673410118,0.8385231495,2.1881439686,0.6527291536,0.6137102842,0.919138590494791
Honduras,5.6481547356,8.4925794601,0.773909986,63.5860900879,0.8500466943,0.0809134096,0.3892745078,0.8323967457,0.2968466878,0.7928751707,2.9706189632,0.5259450674,0.5294775367,5.07607038443287
Hong Kong,5.4984207153,10.8982629776,0.8320779204,75.9996948242,0.7997434139,0.0816455334,0.4496103823,0.6640927792,0.2131145895,0.4028125703,1.8192381859,0.3308655918,0.5132289529,6.92162970701854
Hungary,5.4489016533,10.1235284805,0.8995115757,67.3092651367,0.5539517403,-0.1960678548,0.3037723303,0.6659107804,0.2433257699,0.9241858125,1.8453776836,0.3386696577,0.3014981151,5.5185245970885
Iceland,7.5100345612,10.6890296936,0.984940052,72.0535430908,0.9516095519,0.2739878297,0.3635182977,0.8738878965,0.1581691653,0.7192995548,1.5712463856,0.2092195898,0.3406390846,9.48122223218282
India,4.1791772842,8.7131586075,0.6135293841,59.3495979309,0.8200687766,0.0351237468,0.7321045995,0.6945044398,0.3456814587,0.7647221088,1.7413492203,0.4166727364,0.3936073184,3.49633614222209
Indonesia,5.1363253593,9.2874126434,0.7918305993,60.4772834778,0.8299416304,0.4859275818,0.8008807302,0.8328119516,0.341573596,0.8896774054,2.5467782021,0.4958366156,0.4136692882,4.4903372724851
Iran,4.6527309418,9.7488279343,0.5662811995,65.657081604,0.666755676269531,0.1568540633,0.7094711661,0.6867649555,0.5258768201,0.744202852249146,2.5424385071,0.5464400649,0.5242117047,2.25807428359985
Iraq,4.4125370979,9.5867195129,0.7189567089,60.8536605835,0.6661601663,-0.0829150602,0.4186043143,0.4886920154,0.5697580576,0.7988664508,2.948788166,0.6682749987,0.5483731627,1.93697253863017
Ireland,7.0407314301,10.9011526108,0.9581440091,71.4040679932,0.8745891452,0.1717856377,0.5747397542,0.8092030287,0.2110633105,0.3985443115,1.8430733681,0.2617729902,0.3657854199,8.29868257045746
Israel,7.1590108871,10.3674640656,0.8896607757,72.3062438965,0.7722973228,0.1466924995,0.4381331801,0.6291893721,0.2630902231,0.8040565848,1.6665967703,0.2327970713,0.3060690463,6.92000945409139
Italy,5.9545240402,10.4318437576,0.9272128344,72.7275619507,0.6237416267,-0.0872766227,0.2375990897,0.6854228377,0.3391735852,0.9028012156,1.8718636036,0.3143599033,0.3970482051,6.01125091314316
Ivory Coast,4.5425457954,8.1574745178,0.6174007654,45.3593215942,0.768789351,-0.0266161282,0.7148167491,0.7036165595,0.3780294061,0.757453382,2.4626038074,0.5421197414,0.5503227115,1.99905196825663
Jamaica,5.3105387688,9.0442333221,0.8742315173,65.4300689697,0.8089731336,-0.0030931442,0.2795064747,0.7371608615,0.3099849224,0.8611325026,2.7640483379,0.520483613,0.718125999,5.04752497499188
Japan,5.9546508789,10.4938106537,0.8997738361,75.0888519287,0.8360646367,-0.0756061673,0.3622006476,0.7601085901,0.1924026459,0.6976393461,1.8989526033,0.3189024329,0.3290558457,7.79018501440684
Jordan,5.2712845802,9.2399425507,0.8199447393,64.3082733154,0.7713506222,-0.0529453419,0.506050696427409,0.6406578422,0.3119133711,0.664175391197205,2.6756856441,0.5075964928,0.3697837591,4.48403343558311
Kazakhstan,5.533551693,10.0865650177,0.9278106689,65.2588272095,0.782805562,-0.0533127449,0.7597261667,0.7024791241,0.1554147303,0.7020166516,2.0124981403,0.3636901379,0.339127779,6.45082135995229
Kenya,4.3961277008,8.0046253204,0.7059215903,54.5826454163,0.7485082746,0.3153704405,0.5776540637,0.7427623272,0.2256476581,0.8284115791,2.43389678,0.5536456108,0.5562928915,3.38301281134287
Kosovo,5.7594122887,9.1640768051,0.8238027096,62.2653923035,0.8273985982,0.1182904169,0.3137645721,0.7038869858,0.1496067196,0.9408979416,2.2976200581,0.3989330828,0.407474339,6.11828625202179
Kuwait,5.9471945763,11.0898046494,0.8452220559,65.2239532471,0.8409671783,-0.113090381,0.410004074969688,0.6882872581,0.3149229884,0.620042562484741,2.3606340885,0.3969323933,0.5388387442,6.0646582643191
Kyrgyzstan,4.8565340042,8.0917434692,0.914375484,62.5934638977,0.8139392138,0.0819178,0.527570188,0.7781712413,0.1260996759,0.9169228077,1.9193524122,0.3952103257,0.4018557668,5.9434242049853
Laos,4.8760848045,8.4114084244,0.6926279068,56.3509902954,0.734118819236755,0.2406114042,0.474707239789938,0.9168009758,0.3866792321,0.723117172718048,1.6960864067,0.3478377461,0.6117562056,3.99584333101908
Latvia,5.9404463768,10.052936554,0.9170739651,65.524887085,0.6852992773,-0.1626577228,0.3152613044,0.6537512541,0.2313835323,0.8676396012,1.7051203251,0.2870357335,0.3840254545,5.92303544282913
Lebanon,5.2707238197,9.4568538666,0.8278859258,68.8722457886,0.6573574543,0.0345261097,0.1379514337,0.5526511073,0.2634456158,0.8531144857,2.2120873928,0.4196932912,0.3228351474,4.94390590737263
Lesotho,3.8082048893,7.8581161499,0.7980592847,43.3773956299,0.7294898629,-0.0937417001,0.6092690229,0.7324655652,0.2702834904,0.7428733706,3.1026823521,0.8147361875,0.6764373183,2.15030908584595
Liberia,3.3546760082,6.6817188263,0.642614603,51.5491600037,0.7634760141,0.0857057124,0.544246912,0.6355275512,0.5090466738,0.9012674689,2.6255066395,0.7826408744,0.558121264,1.15489721298218
Libya,5.4335832596,9.6253824234,0.8760658503,61.297492981,0.8223848343,-0.1294741035,0.49392849575764,0.7177850604,0.3830737472,0.728677749633789,2.6879537106,0.4946926534,0.4807113409,4.71878466506799
Lithuania,5.8655524254,10.2161130905,0.9378733635,65.0599899292,0.6142393351,-0.2738747299,0.2796385586,0.5941672921,0.2498557419,0.9493926764,1.9062008858,0.3249823153,0.3554882705,5.26186347007751
Luxembourg,6.9673409462,11.4592485428,0.9412605762,72.8973236084,0.882365346,0.0038429648,0.6789778471,0.7579497695,0.1923007071,0.3563363254,1.3890651464,0.1993680447,0.3118042648,8.53870630264282
Macedonia,5.3457460403,9.4863157272,0.871212244,65.6987228394,0.7061793208,0.0773191601,0.2569541335,0.6387372017,0.2922946811,0.8697190285,2.1750414371,0.4068733156,0.444568932056427,5.13475793103377
Madagascar,3.6630859375,7.2333860397,0.7464969754,56.6405677795,0.5696454048,-0.0574007668,0.4901991785,0.8131913543,0.204255417,0.8641711473,1.5325288773,0.4183709919,0.4796761572,3.56981257597605
Malawi,3.4764926434,7.01369524,0.5242996216,55.2821235657,0.809884131,0.0644339025,0.5525344014,0.6031045914,0.3247389197,0.8236150146,2.2318577766,0.641985476,0.5259558558,1.73231959342957
Malaysia,6.3221211433,10.138876915,0.8176162839,64.7516326904,0.6745944619,0.2026397288,0.4368217885,0.7747161984,0.3137327433,0.8378922343,2.0219182968,0.3198164403,0.3942687213,5.79411228497823
Mali,4.0160279274,7.756872654,0.8362545371,49.5902442932,0.6960073709,-0.0752445981,0.5241993666,0.8069013357,0.3052994311,0.8623266816,1.7733235359,0.4415615499,0.4380342662,3.45879226922989
Malta,6.590842247,10.385612487793,0.9303693771,71.6542053223,0.916023612,0.03241503983736,0.6188182831,0.687271595,0.3554437757,0.6964946389,1.8753358126,0.2845366001,0.4012758136,7.12681849797567
Mauritania,4.4721493721,8.2491416931,0.7848268747,53.3738098145,0.4665614665,-0.1596012712,0.2089292258,0.7345560789,0.2216661423,0.8418351412,2.1788160801,0.4871966243,0.4568404555,3.49944730599721
Mauritius,5.6100034714,9.8520889282,0.8360321522,65.4822540283,0.8191756606,0.1292739958,0.565379262,0.7848982811,0.2457118928,0.8906613588,2.0858848095,0.3718152344,0.386705786,6.16826891899109
Mexico,6.8241729736,9.7245817184,0.8934925795,67.9699478149,0.7516130805,-0.1569367051,0.2779440582,0.8591064215,0.2195714861,0.8085794449,1.9594572783,0.2871347666,0.4326342642,7.48553077379863
Moldova,5.5777840614,8.4697933197,0.8373214602,63.9082069397,0.5573694706,0.0057027973,0.0840612426,0.621101141,0.2745511234,0.9694829583,1.8537135124,0.3323386908,0.3728651404,4.53643833597501
Mongolia,5.0569996834,9.3375902176,0.9474893808,62.9266548157,0.7597409487,0.0746712983,0.3493828773,0.6940954328,0.1711717546,0.900452137,1.6921592951,0.3346172571,0.3864138424,6.16324643294017
Montenegro,5.3040661812,9.6519393921,0.8657436967,66.5225601196,0.5686336756,-0.0887708589,0.3259592354,0.5914251804,0.3366754651,0.8489665985,2.2282915115,0.4201100469,0.356859386,4.35147215922674
Morocco,5.3863072395,8.9074735641,0.6554093361,64.1189041138,0.8165560961,-0.249510631,0.421695623286011,0.712659359,0.2054131478,0.7173561454,2.143992424,0.3980449438,0.5282097459,5.28623429437478
Mozambique,4.5497674942,7.0174994469,0.6658582091,47.0465583801,0.8132292628,0.1019134447,0.7067277431,0.5644606352,0.3395843506,0.6315734982,3.0160002708,0.6628910899,0.8494624496,1.28566265106201
Myanmar,4.6231198311,8.59265041351318,0.7934619784,57.2291793823,0.8774911761,0.0044148969464,0.474707239789938,0.8040099144,0.3015013933,0.6072865725,1.8507627249,0.4003276527,0.426540643,5.56749780972799
Namibia,4.5739912987,9.1581516266,0.762783587,55.0264358521,0.8493549824,-0.1891915947,0.7795437574,0.7486367822,0.2389614433,0.7902283669,2.7245676517,0.5956652164,0.7801197767,4.02940501769384
Nepal,5.0995397568,7.7404208183,0.837043643,61.0563659668,0.8394884467,0.1840856522,0.490016222,0.6273511648,0.3696617484,0.8171148896,2.4420258999,0.4788718224,0.483672142,3.6204469203949
Netherlands,7.5408773422,10.75715065,0.9259442091,71.2672424316,0.907310009,0.2260822654,0.572273314,0.8384323716,0.2148507386,0.4333042502,1.2814716101,0.1699366719,0.4170540571,8.6441977818807
New Zealand,7.2256879807,10.4676265717,0.9366028905,71.4731674194,0.9265760183,0.2561613023,0.5696901679,0.8329446912,0.2074136287,0.278270781,1.7404985428,0.2408765107,0.4197648764,8.36814999580383
Nicaragua,6.0127396584,8.5262269974,0.8527024388,66.1049194336,0.7165342569,0.0429624505,0.5865497589,0.8051239848,0.3803472817,0.7314649224,2.8001537323,0.4657034576,0.4160876274,4.66745647291342
Niger,4.2346458435,6.8121147156,0.6828282475,53.15184021,0.7019273043,0.0069008246,0.5724675059,0.6748589277,0.3254419565,0.8144938946,2.2795438766,0.5383080244,0.4747564495,2.23872522513072
Nigeria,5.2195677757,8.619102478,0.804766953,45.4705848694,0.7976905107,0.0325634666,0.4143260717,0.7319861054,0.2518362999,0.9047068357,2.5199592113,0.4827907681,0.5005320907,3.9423402150472
North Cyprus,5.8271279335,8.35098743438721,0.8076902628,56.3893127441406,0.7962338328,-0.029888624325395,0.4405948818,0.64366436,0.346465379,0.6701914072,1.8576378822,0.3187913299,0.2934357226,6.07769459486008
Norway,7.5963315964,11.0685720444,0.9597428441,70.7845916748,0.9543523192,0.1055388451,0.6576462388,0.8496259451,0.2092621922,0.409666121,1.5792648792,0.2078983635,0.3496592045,9.00290648142497
Oman,6.8529820442,10.6567697525,0.622000873088837,66.2845230103,0.916293025,-0.0166224558,0.394255775270983,0.565305054187775,0.2951641083,0.52686095237732,2.1016225815,0.3066727221,0.4947896004,6.70372267564138
Pakistan,5.5485081673,8.4885597229,0.6269212961,57.3980445862,0.6341828108,0.0818398371,0.4556831717,0.6476397514,0.3316166699,0.7925300598,1.9569582939,0.3526999056,0.3233286142,3.48259349664052
Palestinian Territories,4.9066181183,8.46180439,0.8177709579,62.9549942017,0.6076694131,-0.1323988885,0.4637715518,0.592769146,0.3776417971,0.8124646544,2.3755087852,0.4841438234,0.4205577374,3.14541856447856
Panama,6.1176381111,9.9901027679,0.8824602365,67.8240127563,0.8844797611,-0.0984188393,0.3298944831,0.8576235771,0.2441317886,0.8369767666,2.6457357407,0.4324766695,0.534175694,7.04715708891551
Paraguay,5.8013801575,9.0813179016,0.93986696,63.4112091064,0.8535342813,-0.0583680794,0.2845597565,0.9245609641,0.1971761882,0.756116271,1.9607025385,0.3379717469,0.4764572382,7.29153235753377
Peru,5.7006287575,9.3864583969,0.8028564453,65.2674865723,0.8298438787,-0.1440143287,0.2819233835,0.8216747642,0.3380068541,0.86591959,2.3739392757,0.4164346457,0.4801438153,5.76493456959724
Philippines,5.4308328629,8.8905267715,0.8212987185,59.5945892334,0.9075957537,-0.0761986896,0.7716267109,0.8209694624,0.290232718,0.7919622064,2.4706177711,0.4549242854,0.5334559083,5.21208211779594
Poland,6.1620764732,10.1500015259,0.9173988104,67.662147522,0.8707075119,-0.1009474993,0.3827131987,0.77662462,0.2235360444,0.847753942,1.8458486795,0.2995497882,0.3121575415,7.44986275831858
Portugal,5.4466371536,10.2086029053,0.9046353698,70.7562789917,0.8380693197,-0.2324792445,0.3545424044,0.6835662127,0.3262527287,0.9221923947,2.1320128441,0.391436547,0.45052737,6.17391506830851
Qatar,6.3745293617,11.8154096603,0.873423635959625,67.8064346313,0.853472828865051,0.084982931613922,0.42276344794859,0.725106954574585,0.247170493006706,0.466250747442246,2.2564179897,0.3539740443,0.6531749964,6.34739100933075
Romania,5.9688706398,9.9426708221,0.8092291951,66.9484481812,0.8217206001,-0.1182672158,0.1813546568,0.6944153309,0.257763505,0.9490445256,2.199886322,0.3685598969,0.372027576,6.33570233980815
Russia,5.8549456596,10.0623064041,0.9109273553,62.2074966431,0.713606298,-0.1927021742,0.5843037963,0.6362986565,0.1424972266,0.9254627228,2.0901989937,0.3569971621,0.365685463,6.06596122185389
Rwanda,3.3329899311,7.4552292824,0.6651309133,55.0908088684,0.910736382,0.0349590518,0.532398525412549,0.7523106933,0.2853842378,0.1586013883,1.8955751657,0.5687311292,0.6025674939,3.00007104873657
Saudi Arabia,6.473921299,10.8228693008,0.8899323344,63.8508605957,0.7742677331,-0.1576780826,0.394255775270983,0.7929985523,0.2662926614,0.657345771789551,2.0700845718,0.3197574615,0.5828178525,6.58250391483307
Senegal,4.5945339203,7.7697505951,0.8389943838,57.8877105713,0.743729651,-0.0681760684,0.6308761835,0.7838179469,0.244851768,0.7943537235,1.8151446581,0.3950661123,0.4222064912,4.50184802214305
Serbia,5.7527546883,9.4843997955,0.8948949575,66.0674819946,0.6143708229,-0.0668443143,0.4501231015,0.5348270535,0.2981266081,0.889765203,2.4361877441,0.4234819412,0.3490619957,4.49100534121196
Sierra Leone,4.7329530716,7.3532299995,0.6567234993,44.0107345581,0.6812021136,0.1102397665,0.7009102702,0.5839391351,0.4561806917,0.8632648587,3.5278203487,0.7453740239,0.6748092175,1.02194547653198
Singapore,6.0334806442,11.3000040054,0.9251282215,76.4086990356,0.9037356377,0.124826394,0.9306172729,0.8239887357,0.110942468,0.0473111533,1.302087903,0.2158104032,0.4282768667,8.61695806185405
Slovakia,5.9931631088,10.247341156,0.9451791048,68.1632537842,0.7000985146,-0.0751289725,0.3722221553,0.7744160891,0.2320915759,0.9166091681,1.9160094261,0.319699198,0.282240212,6.89193586508433
Slovenia,5.9368214607,10.2873563766,0.9344873428,70.8003082275,0.9035511017,-0.0614833124,0.2498451024,0.6262055635,0.2716241777,0.8384743929,2.1072878838,0.3549522161,0.3608115613,6.86811844507853
Somalia,4.6679410934,8.36519432067871,0.5944165587,47.5627632141,0.9173228145,-0.041530519723892,0.7006816864,0.8914231658,0.1932822317,0.4408017397,2.1773898602,0.466456145,0.491746068,4.75009794036547
Somaliland,5.0573143959,10.6506643295288,0.7862912416,69.3274154663086,0.7582190037,0.100423946976662,0.6512415409,0.7351891398,0.1524282247,0.3338317275,1.8478025198,0.3653723001,0.5335746408,6.44758145014445
South Africa,4.7697396278,9.415353775,0.8753897548,50.1988639832,0.7741364241,-0.0807230398,0.4831222892,0.7857236266,0.301327765,0.8128589988,2.7798213959,0.582803607,0.5683599114,4.0656508008639
South Korea,5.9705643654,10.4679498672,0.8111634851,74.8541259766,0.5909560323,0.0147187384,0.2370815724,0.6762233973,0.2327326834,0.8618163466,2.1292307377,0.3566213548,0.388548255,6.08580142259598
South Sudan,2.8881123066,7.4612855911,0.5321518183,49.4006004333,0.4399190247,0.0202087369,0.4562875628,0.6147706509,0.5492569208,0.7853177786,2.9095623493,1.0074269772,0.7402030826,0.268255869547525
Spain,6.3186120987,10.4278001785,0.9417368174,73.9597244263,0.7681737542,-0.0589651987,0.302516669,0.6528161168,0.3008293509,0.8185585737,1.6061495543,0.2541933954,0.384632498,6.81670069694519
Sri Lanka,4.6116065979,9.3099746704,0.8625000715,64.9443435669,0.9020747542,0.3121854365,0.7396698594,0.8482329249,0.2347512692,0.8594709635,2.187703371,0.4743907154,0.3693807721,5.77072893579801
Sudan,4.1386728287,8.2641687393,0.8106155396,53.3857536316,0.3900958002,-0.0642621294,0.546698242725918,0.5408450365,0.3027249873,0.7937850356,2.6222064495,0.6335862875,0.4554386437,1.82215253512065
Suriname,6.2692866325,9.644317627,0.7972620726,60.6911277771,0.8854884505,-0.0808974504,0.7217652798,0.7642226815,0.250364989,0.7512828708,1.9483901262,0.3107833862,0.3676041663,6.20338439941406
Swaziland,4.8670911789,8.9385576248,0.8371497393,41.4522972107,0.6071572304,-0.0761442333,0.3532808423,0.820613265,0.2510533929,0.9172500968,2.1214668751,0.4358798265,0.6886978149,3.42720637718836
Sweden,7.3687443733,10.7443037033,0.912060678,71.9614486694,0.9180364013,0.1314941049,0.4857913256,0.815695107,0.2006069124,0.2461824417,1.6304998398,0.221272409,0.4251170754,8.60789855321248
Switzerland,7.4585199356,10.9175109863,0.9276282787,72.9570999146,0.9339470863,0.0780582353,0.7985367179,0.7794708014,0.2063167244,0.3015629649,1.6944100857,0.2271777987,0.5107927322,8.43892852465312
Syria,3.4619128704,7.50129365921021,0.4639128745,60.5969161987,0.4482708573,0.017037136480212,0.506294906945771,0.3694396019,0.6425887346,0.6852369308,2.8120822906,0.8122914433,0.5259336829,0.430117845535278
Taiwan,6.5128507614,10.232515335083,0.8949892521,70.9800033569,0.7189251781,-0.023495307192206,0.4047133327,0.8331528902,0.108305417,0.8105210066,1.9649697542,0.3017065525,0.3963709176,8.06853254636129
Tajikistan,5.1037211418,7.8868994713,0.8566569686,61.7590446472,0.7030268908,0.0149014983,0.425016848364884,0.6444846392,0.2197996676,0.6318878531,1.6738798618,0.3279724419,0.3363246024,4.77047525346279
Tanzania,2.9027342796,7.8673510551,0.6377559304,56.4737472534,0.7754849195,0.1722270697,0.8995608687,0.6935523748,0.245985955,0.7392472625,2.5138084888,0.8660140038,0.6071478128,1.48053288459778
Thailand,6.0736398697,9.6598730087,0.9075436592,65.7995529175,0.9241456985,0.3459128439,0.645925045,0.8347583413,0.2178796679,0.8779783845,2.2326745987,0.3676007688,0.4759054482,6.90346300601959
Togo,3.8785784245,7.2545585632,0.5094409585,52.3298988342,0.730286777,-0.0005805606,0.4858599007,0.6042441726,0.4828858972,0.8150441647,2.5482358932,0.6570025682,0.4992194474,1.33051594098409
Trinidad and Tobago,6.1677069664,10.3218793869,0.8831804991,61.266040802,0.8469414711,0.105557844,0.3834844232,0.8325026631,0.2859294415,0.947674036,2.163310051,0.3507478535,0.444016963243485,6.64911210536957
Tunisia,4.5214533806,9.2882957458,0.7018221021,64.5618133545,0.614438355,-0.1789141893,0.3474312425,0.6123411059,0.378108263,0.8107456565,2.1329026222,0.4717294276,0.3886747062,3.37273240089416
Turkey,5.3262219429,9.8738393784,0.8799946308,65.5972366333,0.6441467404,-0.025931879878044,0.5837282538,0.4651506543,0.3899629414,0.7637065649,2.3882963657,0.4484034777,0.3375799656,3.60585073630015
Turkmenistan,5.8870515823,9.6871805191,0.9290322661,58.562210083,0.7485044003,-0.0225980822,0.416373481394055,0.6363886595,0.2554992437,0.703376650810242,1.1540609598,0.1960337758,0.2234702855,5.7771672308445
Uganda,4.2332611084,7.4653272629,0.7535402179,51.4619293213,0.7394097447,0.14514184,0.6715658307,0.667976141,0.4100666642,0.8110697865,3.0954949856,0.7312317491,0.6555370092,1.73587878545125
Ukraine,4.0286903381,8.929476738,0.8849613667,63.2136039734,0.5025418997,0.0312925689,0.125653401,0.5887216926,0.2196242511,0.8910751343,2.0417196751,0.5067948699,0.3859155178,3.86195739110311
United Arab Emirates,6.8309502602,11.1110887527,0.8493798375,68.5103607178,0.9491195083,0.1053938642,0.473975236238882,0.7751284838,0.2446679026,0.450809419155121,2.1455595493,0.314093858,0.5313806534,7.68451650937398
United Kingdom,6.8242835999,10.5713329315,0.9540681839,71.138961792,0.8211921453,0.2398626953,0.4086320698,0.775853157,0.2295867801,0.4583132863,1.6288197041,0.2386799604,0.3829317987,7.81777739524841
United States,6.8035998344,10.8797063828,0.8967512846,70.1253509521,0.7578930855,0.1280532926,0.2972056568,0.8056735396,0.2642038167,0.7389195561,1.9722027779,0.2898763716,0.6933149099,6.87931398550669
Uruguay,6.171485424,9.9049243927,0.9003809094,68.2526168823,0.8863719106,-0.0855473429,0.4231325984,0.8415488601,0.2831802666,0.6762127876,2.31823349,0.37563622,0.4281628728,7.00266281763713
Uzbekistan,5.8925390244,8.6920452118,0.9451021552,60.6225738525,0.9838030338,0.2049927264,0.476746073768185,0.8416762948,0.1468976587,0.559959650039673,2.3306574821,0.3955268562,0.5644083619,6.82909389336904
Venezuela,4.0411148071,9.5340585709,0.9019492865,64.7492599487,0.457601577,-0.2061442137,0.1640215218,0.6882012486,0.3917541206,0.8901246786,2.6492996216,0.6555863023,0.3971829712,3.59391788641612
Vietnam,5.0622673035,8.6921195984,0.8763235807,65.9421386719,0.8943511248,-0.088429682,0.389952818396376,0.5362257361,0.2225501984,0.7992401719,1.7678194046,0.3492149413,0.4368779659,5.42264421780904
Yemen,3.8256309032,8.09772682189941,0.7754070163,54.2426300049,0.5329640508,-0.052291747182608,0.2675811946,0.4693453908,0.2279245257,0.824512720108032,2.1055254936,0.5503733754,0.4110207558,2.72913157939911
Zambia,4.3475437164,8.198633194,0.7670466304,52.8893241882,0.8115745187,0.1148023084,0.6968915462,0.730679512,0.3722407222,0.7706435919,3.1972262859,0.7354097962,0.6813925505,2.35798339049021
Zimbabwe,3.7354001999,7.4223079681,0.768425405,51.7279090881,0.7329714894,-0.0530704185,0.699344039,0.7376359105,0.2085549235,0.7236120105,2.7763631344,0.7432572246,0.5966901779,2.46726055939992
